{"AddOrUpdate":{"VCenters":[],"VirtualMachines":[],"Hosts":[],"RunAsAccounts":[{"AccountId":"c96c2668-a5cb-504d-8b83-6fc4209f367a","AccountName":"WindowsGuest","CredentialType":"WindowsGuest","FabricElementType":"RunAsAccount"},{"AccountId":"8931afc6-c352-5f1b-a7a9-03d011c59bce","AccountName":"vCenter1","CredentialType":"VMwareFabric","FabricElementType":"RunAsAccount"},{"AccountId":"21478a56-4543-5e57-8dea-1ace734d2dd4","AccountName":"Linux2","CredentialType":"LinuxGuest","FabricElementType":"RunAsAccount"},{"AccountId":"b16be3d7-ee9f-5016-b751-504afc18b961","AccountName":"Linux1","CredentialType":"LinuxGuest","FabricElementType":"RunAsAccount"},{"AccountId":"066f1ba8-00f8-54a2-926b-b8ce7be1c245","AccountName":"sql2","CredentialType":"SQLInstance","FabricElementType":"RunAsAccount"},{"AccountId":"8322a505-81f4-556e-b238-6eec067a4321","AccountName":"Linux3","CredentialType":"LinuxGuest","FabricElementType":"RunAsAccount"},{"AccountId":"47d4a694-c085-5c71-81e6-be7dc956ba72","AccountName":"SQL1","CredentialType":"SQLInstance","FabricElementType":"RunAsAccount"},{"AccountId":"9dfb0f9c-9434-56a4-a6bd-9b02944d342d","AccountName":"vCenter2","CredentialType":"VMwareFabric","FabricElementType":"RunAsAccount"},{"AccountId":"80769bda-6dbf-5e3a-872f-9eb54bc36208","AccountName":"LinuxGuest","CredentialType":"LinuxGuest","FabricElementType":"RunAsAccount"}],"Errors":[]},"Delete":{"VCenters":[],"VirtualMachines":[],"Hosts":[],"RunAsAccounts":[],"Errors":[]},"UpdateType":"OnDemand","Source":"RefreshFabricLayout","ServiceInitiatedJobId":"a5c4a5eb-7aad-4040-8715-113968681f91"}