{"AddOrUpdate":{"TomcatWebApplicationDetails":[],"TomcatWebServerDetails":[],"IISWebApplicationDetails":[{"FabricElementType":"IISWebApplication","Applications":[{"ApplicationPoolName":"Microsoft Azure Appliance Configuration Manager","ManagedPipelineMode":"Integrated","ManagedRuntimeVersion":"v4.0","Enable32BitApOnWin64":false,"Path":{"VirtualPath":null,"PhysicalPath":"/"},"Directories":[{"VirtualPath":"/","PhysicalPath":"C:\\Program Files\\Microsoft Azure Appliance Configuration Manager"}]}],"VirtualApplications":[{"VirtualDirectory":false,"Path":{"VirtualPath":"/","PhysicalPath":"site\\wwwroot"},"Directories":[]}],"Id":"15f43260fd4e00f59807e86e7384b31455d65466868140508c521f3a5b3eedb2-d7acfd06ed57bf40128dcd6f45c52ee864bab1db2edd3636e223c36b800a1773","Name":"Microsoft Azure Appliance Configuration Manager","WebServerId":"15f43260fd4e00f59807e86e7384b31455d65466868140508c521f3a5b3eedb2","WebServerName":"IIS Server","Directories":[{"Id":null,"IsEditable":false,"SourcePaths":["C:\\Program Files\\Microsoft Azure Appliance Configuration Manager"],"LocalScratchPath":null,"MountPath":null,"SourceSize":null}],"Configurations":[{"Name":"windowsAuthentication","FilePath":"C:\\Windows\\System32\\inetsrv\\config\\applicationHost.config","LocalFilePath":null,"TargetFilePath":null,"Section":"/configuration/system.web","Type":"IISAuthentication","IsDeploymentTimeEditable":false,"Value":null,"Identifier":"windowsAuthentication"}],"Path":null,"Bindings":[{"Protocol":"https","HostName":"","Port":"44368","IPAddress":""}],"PrimaryFramework":{"Name":".NET","Version":"v4.0"},"DiscoveredFrameworks":[{"Name":".NET","Version":"v4.0"}],"StaticFolders":[],"MachineDisplayName":"pgsql-selfhost-5"},{"FabricElementType":"IISWebApplication","Applications":[{"ApplicationPoolName":"DefaultAppPool","ManagedPipelineMode":"Integrated","ManagedRuntimeVersion":"v4.0","Enable32BitApOnWin64":false,"Path":{"VirtualPath":null,"PhysicalPath":"/"},"Directories":[{"VirtualPath":"/","PhysicalPath":"C:\\inetpub\\wwwroot"}]}],"VirtualApplications":[{"VirtualDirectory":false,"Path":{"VirtualPath":"/","PhysicalPath":"site\\wwwroot"},"Directories":[]}],"Id":"fb5348f4549c932e5889f83fe197a0f7001f6446a6f6575dfbe36407db469633-a7b69c342d1f4d236917767b170deb3c38129ecba355e513f2997ce40016674a","Name":"Default Web Site","WebServerId":"fb5348f4549c932e5889f83fe197a0f7001f6446a6f6575dfbe36407db469633","WebServerName":"IIS Server","Directories":[{"Id":null,"IsEditable":false,"SourcePaths":["C:\\inetpub\\wwwroot"],"LocalScratchPath":null,"MountPath":null,"SourceSize":null}],"Configurations":[],"Path":null,"Bindings":[{"Protocol":"http","HostName":"","Port":"80","IPAddress":"*"}],"PrimaryFramework":{"Name":".NET","Version":"v4.0"},"DiscoveredFrameworks":[{"Name":".NET","Version":"v4.0"}],"StaticFolders":[],"MachineDisplayName":"pgsql-selfhost-4"},{"FabricElementType":"IISWebApplication","Applications":[{"ApplicationPoolName":"DefaultAppPool","ManagedPipelineMode":"Integrated","ManagedRuntimeVersion":"v4.0","Enable32BitApOnWin64":false,"Path":{"VirtualPath":null,"PhysicalPath":"/"},"Directories":[{"VirtualPath":"/","PhysicalPath":"C:\\inetpub\\wwwroot"}]}],"VirtualApplications":[{"VirtualDirectory":false,"Path":{"VirtualPath":"/","PhysicalPath":"site\\wwwroot"},"Directories":[]}],"Id":"7e951ec7ea5284426b54dcc8087eed39d97926097eaaacaea01898be0ac0d7f2-a7b69c342d1f4d236917767b170deb3c38129ecba355e513f2997ce40016674a","Name":"Default Web Site","WebServerId":"7e951ec7ea5284426b54dcc8087eed39d97926097eaaacaea01898be0ac0d7f2","WebServerName":"IIS Server","Directories":[{"Id":null,"IsEditable":false,"SourcePaths":["C:\\inetpub\\wwwroot"],"LocalScratchPath":null,"MountPath":null,"SourceSize":null}],"Configurations":[],"Path":null,"Bindings":[{"Protocol":"http","HostName":"","Port":"80","IPAddress":"*"}],"PrimaryFramework":{"Name":".NET","Version":"v4.0"},"DiscoveredFrameworks":[{"Name":".NET","Version":"v4.0"}],"StaticFolders":[],"MachineDisplayName":"pgsql-selfhost-8"},{"FabricElementType":"IISWebApplication","Applications":[{"ApplicationPoolName":"DefaultAppPool","ManagedPipelineMode":"Integrated","ManagedRuntimeVersion":"v4.0","Enable32BitApOnWin64":false,"Path":{"VirtualPath":null,"PhysicalPath":"/"},"Directories":[{"VirtualPath":"/","PhysicalPath":"C:\\inetpub\\wwwroot"}]}],"VirtualApplications":[{"VirtualDirectory":false,"Path":{"VirtualPath":"/","PhysicalPath":"site\\wwwroot"},"Directories":[]}],"Id":"876cbb642452ad44898b0e95ac429784ac25a11cadf3094feb2dd604b4b25cfc-a7b69c342d1f4d236917767b170deb3c38129ecba355e513f2997ce40016674a","Name":"Default Web Site","WebServerId":"876cbb642452ad44898b0e95ac429784ac25a11cadf3094feb2dd604b4b25cfc","WebServerName":"IIS Server","Directories":[{"Id":null,"IsEditable":false,"SourcePaths":["C:\\inetpub\\wwwroot"],"LocalScratchPath":null,"MountPath":null,"SourceSize":null}],"Configurations":[],"Path":null,"Bindings":[{"Protocol":"http","HostName":"","Port":"80","IPAddress":"*"}],"PrimaryFramework":{"Name":".NET","Version":"v4.0"},"DiscoveredFrameworks":[{"Name":".NET","Version":"v4.0"}],"StaticFolders":[],"MachineDisplayName":"PGSQLSelfHost-patelvishesh-ccy-01"},{"FabricElementType":"IISWebApplication","Applications":[{"ApplicationPoolName":"Microsoft Azure Appliance Configuration Manager","ManagedPipelineMode":"Integrated","ManagedRuntimeVersion":"v4.0","Enable32BitApOnWin64":false,"Path":{"VirtualPath":null,"PhysicalPath":"/"},"Directories":[{"VirtualPath":"/","PhysicalPath":"C:\\Program Files\\Microsoft Azure Appliance Configuration Manager"}]}],"VirtualApplications":[{"VirtualDirectory":false,"Path":{"VirtualPath":"/","PhysicalPath":"site\\wwwroot"},"Directories":[]}],"Id":"a6a64d35f1611940608a56cb88f57b824cd9b6303eb3e2d27168a18cc47f7e5c-d7acfd06ed57bf40128dcd6f45c52ee864bab1db2edd3636e223c36b800a1773","Name":"Microsoft Azure Appliance Configuration Manager","WebServerId":"a6a64d35f1611940608a56cb88f57b824cd9b6303eb3e2d27168a18cc47f7e5c","WebServerName":"IIS Server","Directories":[{"Id":null,"IsEditable":false,"SourcePaths":["C:\\Program Files\\Microsoft Azure Appliance Configuration Manager"],"LocalScratchPath":null,"MountPath":null,"SourceSize":null}],"Configurations":[{"Name":"windowsAuthentication","FilePath":"C:\\Windows\\System32\\inetsrv\\config\\applicationHost.config","LocalFilePath":null,"TargetFilePath":null,"Section":"/configuration/system.web","Type":"IISAuthentication","IsDeploymentTimeEditable":false,"Value":null,"Identifier":"windowsAuthentication"}],"Path":null,"Bindings":[{"Protocol":"https","HostName":"","Port":"44368","IPAddress":""}],"PrimaryFramework":{"Name":".NET","Version":"v4.0"},"DiscoveredFrameworks":[{"Name":".NET","Version":"v4.0"}],"StaticFolders":[],"MachineDisplayName":"PGSQLSelfHost-patelvishesh-ccy-04"},{"FabricElementType":"IISWebApplication","Applications":[{"ApplicationPoolName":"Microsoft Azure Appliance Configuration Manager","ManagedPipelineMode":"Integrated","ManagedRuntimeVersion":"v4.0","Enable32BitApOnWin64":false,"Path":{"VirtualPath":null,"PhysicalPath":"/"},"Directories":[{"VirtualPath":"/","PhysicalPath":"C:\\Program Files\\Microsoft Azure Appliance Configuration Manager"}]}],"VirtualApplications":[{"VirtualDirectory":false,"Path":{"VirtualPath":"/","PhysicalPath":"site\\wwwroot"},"Directories":[]}],"Id":"0f6a5147dd4d8f0f5c785eb378de01c7db4e127009b0412269a88deba7ad6ffc-d7acfd06ed57bf40128dcd6f45c52ee864bab1db2edd3636e223c36b800a1773","Name":"Microsoft Azure Appliance Configuration Manager","WebServerId":"0f6a5147dd4d8f0f5c785eb378de01c7db4e127009b0412269a88deba7ad6ffc","WebServerName":"IIS Server","Directories":[{"Id":null,"IsEditable":false,"SourcePaths":["C:\\Program Files\\Microsoft Azure Appliance Configuration Manager"],"LocalScratchPath":null,"MountPath":null,"SourceSize":null}],"Configurations":[{"Name":"windowsAuthentication","FilePath":"C:\\Windows\\System32\\inetsrv\\config\\applicationHost.config","LocalFilePath":null,"TargetFilePath":null,"Section":"/configuration/system.web","Type":"IISAuthentication","IsDeploymentTimeEditable":false,"Value":null,"Identifier":"windowsAuthentication"}],"Path":null,"Bindings":[{"Protocol":"https","HostName":"","Port":"44368","IPAddress":""}],"PrimaryFramework":{"Name":".NET","Version":"v4.0"},"DiscoveredFrameworks":[{"Name":".NET","Version":"v4.0"}],"StaticFolders":[],"MachineDisplayName":"PGSQLWindows"},{"FabricElementType":"IISWebApplication","Applications":[{"ApplicationPoolName":"DefaultAppPool","ManagedPipelineMode":"Integrated","ManagedRuntimeVersion":"v4.0","Enable32BitApOnWin64":false,"Path":{"VirtualPath":null,"PhysicalPath":"/"},"Directories":[{"VirtualPath":"/","PhysicalPath":"C:\\inetpub\\wwwroot"}]}],"VirtualApplications":[{"VirtualDirectory":false,"Path":{"VirtualPath":"/","PhysicalPath":"site\\wwwroot"},"Directories":[]}],"Id":"2a56e1a4898e85f9392117882f4a71e0aa31b0375b1224c06b45ff083115c0b0-a7b69c342d1f4d236917767b170deb3c38129ecba355e513f2997ce40016674a","Name":"Default Web Site","WebServerId":"2a56e1a4898e85f9392117882f4a71e0aa31b0375b1224c06b45ff083115c0b0","WebServerName":"IIS Server","Directories":[{"Id":null,"IsEditable":false,"SourcePaths":["C:\\inetpub\\wwwroot"],"LocalScratchPath":null,"MountPath":null,"SourceSize":null}],"Configurations":[],"Path":null,"Bindings":[{"Protocol":"http","HostName":"","Port":"80","IPAddress":"*"}],"PrimaryFramework":{"Name":".NET","Version":"v4.0"},"DiscoveredFrameworks":[{"Name":".NET","Version":"v4.0"}],"StaticFolders":[],"MachineDisplayName":"MySQLWindowsApp1"},{"FabricElementType":"IISWebApplication","Applications":[{"ApplicationPoolName":"DefaultAppPool","ManagedPipelineMode":"Integrated","ManagedRuntimeVersion":"v4.0","Enable32BitApOnWin64":false,"Path":{"VirtualPath":null,"PhysicalPath":"/"},"Directories":[{"VirtualPath":"/","PhysicalPath":"C:\\inetpub\\wwwroot"}]}],"VirtualApplications":[{"VirtualDirectory":false,"Path":{"VirtualPath":"/","PhysicalPath":"site\\wwwroot"},"Directories":[]}],"Id":"7d0b2d8fcf04f6010407aba04623b282be3c1cdab7c124e7c239b69693a51e49-a7b69c342d1f4d236917767b170deb3c38129ecba355e513f2997ce40016674a","Name":"Default Web Site","WebServerId":"7d0b2d8fcf04f6010407aba04623b282be3c1cdab7c124e7c239b69693a51e49","WebServerName":"IIS Server","Directories":[{"Id":null,"IsEditable":false,"SourcePaths":["C:\\inetpub\\wwwroot"],"LocalScratchPath":null,"MountPath":null,"SourceSize":null}],"Configurations":[],"Path":null,"Bindings":[{"Protocol":"http","HostName":"","Port":"80","IPAddress":"*"}],"PrimaryFramework":{"Name":".NET","Version":"v4.0"},"DiscoveredFrameworks":[{"Name":".NET","Version":"v4.0"}],"StaticFolders":[],"MachineDisplayName":"MySQLWindowsApp5"},{"FabricElementType":"IISWebApplication","Applications":[{"ApplicationPoolName":"Microsoft Azure Appliance Configuration Manager","ManagedPipelineMode":"Integrated","ManagedRuntimeVersion":"v4.0","Enable32BitApOnWin64":false,"Path":{"VirtualPath":null,"PhysicalPath":"/"},"Directories":[{"VirtualPath":"/","PhysicalPath":"C:\\Program Files\\Microsoft Azure Appliance Configuration Manager"}]}],"VirtualApplications":[{"VirtualDirectory":false,"Path":{"VirtualPath":"/","PhysicalPath":"site\\wwwroot"},"Directories":[]}],"Id":"fb5348f4549c932e5889f83fe197a0f7001f6446a6f6575dfbe36407db469633-d7acfd06ed57bf40128dcd6f45c52ee864bab1db2edd3636e223c36b800a1773","Name":"Microsoft Azure Appliance Configuration Manager","WebServerId":"fb5348f4549c932e5889f83fe197a0f7001f6446a6f6575dfbe36407db469633","WebServerName":"IIS Server","Directories":[{"Id":null,"IsEditable":false,"SourcePaths":["C:\\Program Files\\Microsoft Azure Appliance Configuration Manager"],"LocalScratchPath":null,"MountPath":null,"SourceSize":null}],"Configurations":[{"Name":"windowsAuthentication","FilePath":"C:\\Windows\\System32\\inetsrv\\config\\applicationHost.config","LocalFilePath":null,"TargetFilePath":null,"Section":"/configuration/system.web","Type":"IISAuthentication","IsDeploymentTimeEditable":false,"Value":null,"Identifier":"windowsAuthentication"}],"Path":null,"Bindings":[{"Protocol":"https","HostName":"","Port":"44368","IPAddress":""}],"PrimaryFramework":{"Name":".NET","Version":"v4.0"},"DiscoveredFrameworks":[{"Name":".NET","Version":"v4.0"}],"StaticFolders":[],"MachineDisplayName":"pgsql-selfhost-4"},{"FabricElementType":"IISWebApplication","Applications":[{"ApplicationPoolName":"Microsoft Azure Appliance Configuration Manager","ManagedPipelineMode":"Integrated","ManagedRuntimeVersion":"v4.0","Enable32BitApOnWin64":false,"Path":{"VirtualPath":null,"PhysicalPath":"/"},"Directories":[{"VirtualPath":"/","PhysicalPath":"C:\\Program Files\\Microsoft Azure Appliance Configuration Manager"}]}],"VirtualApplications":[{"VirtualDirectory":false,"Path":{"VirtualPath":"/","PhysicalPath":"site\\wwwroot"},"Directories":[]}],"Id":"7d0b2d8fcf04f6010407aba04623b282be3c1cdab7c124e7c239b69693a51e49-d7acfd06ed57bf40128dcd6f45c52ee864bab1db2edd3636e223c36b800a1773","Name":"Microsoft Azure Appliance Configuration Manager","WebServerId":"7d0b2d8fcf04f6010407aba04623b282be3c1cdab7c124e7c239b69693a51e49","WebServerName":"IIS Server","Directories":[{"Id":null,"IsEditable":false,"SourcePaths":["C:\\Program Files\\Microsoft Azure Appliance Configuration Manager"],"LocalScratchPath":null,"MountPath":null,"SourceSize":null}],"Configurations":[{"Name":"windowsAuthentication","FilePath":"C:\\Windows\\System32\\inetsrv\\config\\applicationHost.config","LocalFilePath":null,"TargetFilePath":null,"Section":"/configuration/system.web","Type":"IISAuthentication","IsDeploymentTimeEditable":false,"Value":null,"Identifier":"windowsAuthentication"}],"Path":null,"Bindings":[{"Protocol":"https","HostName":"","Port":"44368","IPAddress":""}],"PrimaryFramework":{"Name":".NET","Version":"v4.0"},"DiscoveredFrameworks":[{"Name":".NET","Version":"v4.0"}],"StaticFolders":[],"MachineDisplayName":"MySQLWindowsApp5"},{"FabricElementType":"IISWebApplication","Applications":[{"ApplicationPoolName":"DefaultAppPool","ManagedPipelineMode":"Integrated","ManagedRuntimeVersion":"v4.0","Enable32BitApOnWin64":false,"Path":{"VirtualPath":null,"PhysicalPath":"/"},"Directories":[{"VirtualPath":"/","PhysicalPath":"C:\\inetpub\\wwwroot"}]}],"VirtualApplications":[{"VirtualDirectory":false,"Path":{"VirtualPath":"/","PhysicalPath":"site\\wwwroot"},"Directories":[]}],"Id":"a6a64d35f1611940608a56cb88f57b824cd9b6303eb3e2d27168a18cc47f7e5c-a7b69c342d1f4d236917767b170deb3c38129ecba355e513f2997ce40016674a","Name":"Default Web Site","WebServerId":"a6a64d35f1611940608a56cb88f57b824cd9b6303eb3e2d27168a18cc47f7e5c","WebServerName":"IIS Server","Directories":[{"Id":null,"IsEditable":false,"SourcePaths":["C:\\inetpub\\wwwroot"],"LocalScratchPath":null,"MountPath":null,"SourceSize":null}],"Configurations":[],"Path":null,"Bindings":[{"Protocol":"http","HostName":"","Port":"80","IPAddress":"*"}],"PrimaryFramework":{"Name":".NET","Version":"v4.0"},"DiscoveredFrameworks":[{"Name":".NET","Version":"v4.0"}],"StaticFolders":[],"MachineDisplayName":"PGSQLSelfHost-patelvishesh-ccy-04"},{"FabricElementType":"IISWebApplication","Applications":[{"ApplicationPoolName":"DefaultAppPool","ManagedPipelineMode":"Integrated","ManagedRuntimeVersion":"v4.0","Enable32BitApOnWin64":false,"Path":{"VirtualPath":null,"PhysicalPath":"/"},"Directories":[{"VirtualPath":"/","PhysicalPath":"C:\\inetpub\\wwwroot"}]}],"VirtualApplications":[{"VirtualDirectory":false,"Path":{"VirtualPath":"/","PhysicalPath":"site\\wwwroot"},"Directories":[]}],"Id":"3a3fb2fbbd3e8da1d5653516fd9ef936d509562dfb5754121b316b60b22b0f00-a7b69c342d1f4d236917767b170deb3c38129ecba355e513f2997ce40016674a","Name":"Default Web Site","WebServerId":"3a3fb2fbbd3e8da1d5653516fd9ef936d509562dfb5754121b316b60b22b0f00","WebServerName":"IIS Server","Directories":[{"Id":null,"IsEditable":false,"SourcePaths":["C:\\inetpub\\wwwroot"],"LocalScratchPath":null,"MountPath":null,"SourceSize":null}],"Configurations":[],"Path":null,"Bindings":[{"Protocol":"http","HostName":"","Port":"80","IPAddress":"*"}],"PrimaryFramework":{"Name":".NET","Version":"v4.0"},"DiscoveredFrameworks":[{"Name":".NET","Version":"v4.0"}],"StaticFolders":[],"MachineDisplayName":"pgsql-selfhost-7"},{"FabricElementType":"IISWebApplication","Applications":[{"ApplicationPoolName":"DefaultAppPool","ManagedPipelineMode":"Integrated","ManagedRuntimeVersion":"v4.0","Enable32BitApOnWin64":false,"Path":{"VirtualPath":null,"PhysicalPath":"/"},"Directories":[{"VirtualPath":"/","PhysicalPath":"C:\\inetpub\\wwwroot"}]}],"VirtualApplications":[{"VirtualDirectory":false,"Path":{"VirtualPath":"/","PhysicalPath":"site\\wwwroot"},"Directories":[]}],"Id":"15f43260fd4e00f59807e86e7384b31455d65466868140508c521f3a5b3eedb2-a7b69c342d1f4d236917767b170deb3c38129ecba355e513f2997ce40016674a","Name":"Default Web Site","WebServerId":"15f43260fd4e00f59807e86e7384b31455d65466868140508c521f3a5b3eedb2","WebServerName":"IIS Server","Directories":[{"Id":null,"IsEditable":false,"SourcePaths":["C:\\inetpub\\wwwroot"],"LocalScratchPath":null,"MountPath":null,"SourceSize":null}],"Configurations":[],"Path":null,"Bindings":[{"Protocol":"http","HostName":"","Port":"80","IPAddress":"*"}],"PrimaryFramework":{"Name":".NET","Version":"v4.0"},"DiscoveredFrameworks":[{"Name":".NET","Version":"v4.0"}],"StaticFolders":[],"MachineDisplayName":"pgsql-selfhost-5"},{"FabricElementType":"IISWebApplication","Applications":[{"ApplicationPoolName":"Microsoft Azure Appliance Configuration Manager","ManagedPipelineMode":"Integrated","ManagedRuntimeVersion":"v4.0","Enable32BitApOnWin64":false,"Path":{"VirtualPath":null,"PhysicalPath":"/"},"Directories":[{"VirtualPath":"/","PhysicalPath":"C:\\Program Files\\Microsoft Azure Appliance Configuration Manager"}]}],"VirtualApplications":[{"VirtualDirectory":false,"Path":{"VirtualPath":"/","PhysicalPath":"site\\wwwroot"},"Directories":[]}],"Id":"54c6c42e9b664ec58913b238b1e030f85dab6bea065c0c963a4e2e4196b36506-d7acfd06ed57bf40128dcd6f45c52ee864bab1db2edd3636e223c36b800a1773","Name":"Microsoft Azure Appliance Configuration Manager","WebServerId":"54c6c42e9b664ec58913b238b1e030f85dab6bea065c0c963a4e2e4196b36506","WebServerName":"IIS Server","Directories":[{"Id":null,"IsEditable":false,"SourcePaths":["C:\\Program Files\\Microsoft Azure Appliance Configuration Manager"],"LocalScratchPath":null,"MountPath":null,"SourceSize":null}],"Configurations":[{"Name":"windowsAuthentication","FilePath":"C:\\Windows\\System32\\inetsrv\\config\\applicationHost.config","LocalFilePath":null,"TargetFilePath":null,"Section":"/configuration/system.web","Type":"IISAuthentication","IsDeploymentTimeEditable":false,"Value":null,"Identifier":"windowsAuthentication"}],"Path":null,"Bindings":[{"Protocol":"https","HostName":"","Port":"44368","IPAddress":""}],"PrimaryFramework":{"Name":".NET","Version":"v4.0"},"DiscoveredFrameworks":[{"Name":".NET","Version":"v4.0"}],"StaticFolders":[],"MachineDisplayName":"pgsql-selfhost-2"},{"FabricElementType":"IISWebApplication","Applications":[{"ApplicationPoolName":"Microsoft Azure Appliance Configuration Manager","ManagedPipelineMode":"Integrated","ManagedRuntimeVersion":"v4.0","Enable32BitApOnWin64":false,"Path":{"VirtualPath":null,"PhysicalPath":"/"},"Directories":[{"VirtualPath":"/","PhysicalPath":"C:\\Program Files\\Microsoft Azure Appliance Configuration Manager"}]}],"VirtualApplications":[{"VirtualDirectory":false,"Path":{"VirtualPath":"/","PhysicalPath":"site\\wwwroot"},"Directories":[]}],"Id":"876cbb642452ad44898b0e95ac429784ac25a11cadf3094feb2dd604b4b25cfc-d7acfd06ed57bf40128dcd6f45c52ee864bab1db2edd3636e223c36b800a1773","Name":"Microsoft Azure Appliance Configuration Manager","WebServerId":"876cbb642452ad44898b0e95ac429784ac25a11cadf3094feb2dd604b4b25cfc","WebServerName":"IIS Server","Directories":[{"Id":null,"IsEditable":false,"SourcePaths":["C:\\Program Files\\Microsoft Azure Appliance Configuration Manager"],"LocalScratchPath":null,"MountPath":null,"SourceSize":null}],"Configurations":[{"Name":"windowsAuthentication","FilePath":"C:\\Windows\\System32\\inetsrv\\config\\applicationHost.config","LocalFilePath":null,"TargetFilePath":null,"Section":"/configuration/system.web","Type":"IISAuthentication","IsDeploymentTimeEditable":false,"Value":null,"Identifier":"windowsAuthentication"}],"Path":null,"Bindings":[{"Protocol":"https","HostName":"","Port":"44368","IPAddress":""}],"PrimaryFramework":{"Name":".NET","Version":"v4.0"},"DiscoveredFrameworks":[{"Name":".NET","Version":"v4.0"}],"StaticFolders":[],"MachineDisplayName":"PGSQLSelfHost-patelvishesh-ccy-01"},{"FabricElementType":"IISWebApplication","Applications":[{"ApplicationPoolName":"Microsoft Azure Appliance Configuration Manager","ManagedPipelineMode":"Integrated","ManagedRuntimeVersion":"v4.0","Enable32BitApOnWin64":false,"Path":{"VirtualPath":null,"PhysicalPath":"/"},"Directories":[{"VirtualPath":"/","PhysicalPath":"C:\\Program Files\\Microsoft Azure Appliance Configuration Manager"}]}],"VirtualApplications":[{"VirtualDirectory":false,"Path":{"VirtualPath":"/","PhysicalPath":"site\\wwwroot"},"Directories":[]}],"Id":"7e951ec7ea5284426b54dcc8087eed39d97926097eaaacaea01898be0ac0d7f2-d7acfd06ed57bf40128dcd6f45c52ee864bab1db2edd3636e223c36b800a1773","Name":"Microsoft Azure Appliance Configuration Manager","WebServerId":"7e951ec7ea5284426b54dcc8087eed39d97926097eaaacaea01898be0ac0d7f2","WebServerName":"IIS Server","Directories":[{"Id":null,"IsEditable":false,"SourcePaths":["C:\\Program Files\\Microsoft Azure Appliance Configuration Manager"],"LocalScratchPath":null,"MountPath":null,"SourceSize":null}],"Configurations":[{"Name":"windowsAuthentication","FilePath":"C:\\Windows\\System32\\inetsrv\\config\\applicationHost.config","LocalFilePath":null,"TargetFilePath":null,"Section":"/configuration/system.web","Type":"IISAuthentication","IsDeploymentTimeEditable":false,"Value":null,"Identifier":"windowsAuthentication"}],"Path":null,"Bindings":[{"Protocol":"https","HostName":"","Port":"44368","IPAddress":""}],"PrimaryFramework":{"Name":".NET","Version":"v4.0"},"DiscoveredFrameworks":[{"Name":".NET","Version":"v4.0"}],"StaticFolders":[],"MachineDisplayName":"pgsql-selfhost-8"},{"FabricElementType":"IISWebApplication","Applications":[{"ApplicationPoolName":"Microsoft Azure Appliance Configuration Manager","ManagedPipelineMode":"Integrated","ManagedRuntimeVersion":"v4.0","Enable32BitApOnWin64":false,"Path":{"VirtualPath":null,"PhysicalPath":"/"},"Directories":[{"VirtualPath":"/","PhysicalPath":"C:\\Program Files\\Microsoft Azure Appliance Configuration Manager"}]}],"VirtualApplications":[{"VirtualDirectory":false,"Path":{"VirtualPath":"/","PhysicalPath":"site\\wwwroot"},"Directories":[]}],"Id":"3a3fb2fbbd3e8da1d5653516fd9ef936d509562dfb5754121b316b60b22b0f00-d7acfd06ed57bf40128dcd6f45c52ee864bab1db2edd3636e223c36b800a1773","Name":"Microsoft Azure Appliance Configuration Manager","WebServerId":"3a3fb2fbbd3e8da1d5653516fd9ef936d509562dfb5754121b316b60b22b0f00","WebServerName":"IIS Server","Directories":[{"Id":null,"IsEditable":false,"SourcePaths":["C:\\Program Files\\Microsoft Azure Appliance Configuration Manager"],"LocalScratchPath":null,"MountPath":null,"SourceSize":null}],"Configurations":[{"Name":"windowsAuthentication","FilePath":"C:\\Windows\\System32\\inetsrv\\config\\applicationHost.config","LocalFilePath":null,"TargetFilePath":null,"Section":"/configuration/system.web","Type":"IISAuthentication","IsDeploymentTimeEditable":false,"Value":null,"Identifier":"windowsAuthentication"}],"Path":null,"Bindings":[{"Protocol":"https","HostName":"","Port":"44368","IPAddress":""}],"PrimaryFramework":{"Name":".NET","Version":"v4.0"},"DiscoveredFrameworks":[{"Name":".NET","Version":"v4.0"}],"StaticFolders":[],"MachineDisplayName":"pgsql-selfhost-7"},{"FabricElementType":"IISWebApplication","Applications":[{"ApplicationPoolName":"DefaultAppPool","ManagedPipelineMode":"Integrated","ManagedRuntimeVersion":"v4.0","Enable32BitApOnWin64":false,"Path":{"VirtualPath":null,"PhysicalPath":"/"},"Directories":[{"VirtualPath":"/","PhysicalPath":"C:\\inetpub\\wwwroot"}]}],"VirtualApplications":[{"VirtualDirectory":false,"Path":{"VirtualPath":"/","PhysicalPath":"site\\wwwroot"},"Directories":[]}],"Id":"0f6a5147dd4d8f0f5c785eb378de01c7db4e127009b0412269a88deba7ad6ffc-a7b69c342d1f4d236917767b170deb3c38129ecba355e513f2997ce40016674a","Name":"Default Web Site","WebServerId":"0f6a5147dd4d8f0f5c785eb378de01c7db4e127009b0412269a88deba7ad6ffc","WebServerName":"IIS Server","Directories":[{"Id":null,"IsEditable":false,"SourcePaths":["C:\\inetpub\\wwwroot"],"LocalScratchPath":null,"MountPath":null,"SourceSize":null}],"Configurations":[],"Path":null,"Bindings":[{"Protocol":"http","HostName":"","Port":"80","IPAddress":"*"}],"PrimaryFramework":{"Name":".NET","Version":"v4.0"},"DiscoveredFrameworks":[{"Name":".NET","Version":"v4.0"}],"StaticFolders":[],"MachineDisplayName":"PGSQLWindows"},{"FabricElementType":"IISWebApplication","Applications":[{"ApplicationPoolName":"DefaultAppPool","ManagedPipelineMode":"Integrated","ManagedRuntimeVersion":"v4.0","Enable32BitApOnWin64":false,"Path":{"VirtualPath":null,"PhysicalPath":"/"},"Directories":[{"VirtualPath":"/","PhysicalPath":"C:\\inetpub\\wwwroot"}]}],"VirtualApplications":[{"VirtualDirectory":false,"Path":{"VirtualPath":"/","PhysicalPath":"site\\wwwroot"},"Directories":[]}],"Id":"d5e22b9e449104d4325fc6eebcd437693de2099a7c665c372a2e69ac7c9dfc6c-a7b69c342d1f4d236917767b170deb3c38129ecba355e513f2997ce40016674a","Name":"Default Web Site","WebServerId":"d5e22b9e449104d4325fc6eebcd437693de2099a7c665c372a2e69ac7c9dfc6c","WebServerName":"IIS Server","Directories":[{"Id":null,"IsEditable":false,"SourcePaths":["C:\\inetpub\\wwwroot"],"LocalScratchPath":null,"MountPath":null,"SourceSize":null}],"Configurations":[],"Path":null,"Bindings":[{"Protocol":"http","HostName":"","Port":"80","IPAddress":"*"}],"PrimaryFramework":{"Name":".NET","Version":"v4.0"},"DiscoveredFrameworks":[{"Name":".NET","Version":"v4.0"}],"StaticFolders":[],"MachineDisplayName":"PGSQLWindows-2"},{"FabricElementType":"IISWebApplication","Applications":[{"ApplicationPoolName":"DefaultAppPool","ManagedPipelineMode":"Integrated","ManagedRuntimeVersion":"v4.0","Enable32BitApOnWin64":false,"Path":{"VirtualPath":null,"PhysicalPath":"/"},"Directories":[{"VirtualPath":"/","PhysicalPath":"C:\\inetpub\\wwwroot"}]}],"VirtualApplications":[{"VirtualDirectory":false,"Path":{"VirtualPath":"/","PhysicalPath":"site\\wwwroot"},"Directories":[]}],"Id":"54c6c42e9b664ec58913b238b1e030f85dab6bea065c0c963a4e2e4196b36506-a7b69c342d1f4d236917767b170deb3c38129ecba355e513f2997ce40016674a","Name":"Default Web Site","WebServerId":"54c6c42e9b664ec58913b238b1e030f85dab6bea065c0c963a4e2e4196b36506","WebServerName":"IIS Server","Directories":[{"Id":null,"IsEditable":false,"SourcePaths":["C:\\inetpub\\wwwroot"],"LocalScratchPath":null,"MountPath":null,"SourceSize":null}],"Configurations":[],"Path":null,"Bindings":[{"Protocol":"http","HostName":"","Port":"80","IPAddress":"*"}],"PrimaryFramework":{"Name":".NET","Version":"v4.0"},"DiscoveredFrameworks":[{"Name":".NET","Version":"v4.0"}],"StaticFolders":[],"MachineDisplayName":"pgsql-selfhost-2"},{"FabricElementType":"IISWebApplication","Applications":[{"ApplicationPoolName":"DefaultAppPool","ManagedPipelineMode":"Integrated","ManagedRuntimeVersion":"v4.0","Enable32BitApOnWin64":false,"Path":{"VirtualPath":null,"PhysicalPath":"/"},"Directories":[{"VirtualPath":"/","PhysicalPath":"C:\\inetpub\\wwwroot"}]}],"VirtualApplications":[{"VirtualDirectory":false,"Path":{"VirtualPath":"/","PhysicalPath":"site\\wwwroot"},"Directories":[]}],"Id":"70684e00e3da5acfdb2e5b14b1af5dd934b12d465f09678e79caf83cf01d03c5-a7b69c342d1f4d236917767b170deb3c38129ecba355e513f2997ce40016674a","Name":"Default Web Site","WebServerId":"70684e00e3da5acfdb2e5b14b1af5dd934b12d465f09678e79caf83cf01d03c5","WebServerName":"IIS Server","Directories":[{"Id":null,"IsEditable":false,"SourcePaths":["C:\\inetpub\\wwwroot"],"LocalScratchPath":null,"MountPath":null,"SourceSize":null}],"Configurations":[],"Path":null,"Bindings":[{"Protocol":"http","HostName":"","Port":"80","IPAddress":"*"}],"PrimaryFramework":{"Name":".NET","Version":"v4.0"},"DiscoveredFrameworks":[{"Name":".NET","Version":"v4.0"}],"StaticFolders":[],"MachineDisplayName":"pgsql-selfhost-1"},{"FabricElementType":"IISWebApplication","Applications":[{"ApplicationPoolName":"Airsonic","ManagedPipelineMode":"Integrated","ManagedRuntimeVersion":"v4.0","Enable32BitApOnWin64":false,"Path":{"VirtualPath":null,"PhysicalPath":"/"},"Directories":[{"VirtualPath":"/","PhysicalPath":"C:\\Program Files\\Airsonic"}]}],"VirtualApplications":[{"VirtualDirectory":false,"Path":{"VirtualPath":"/","PhysicalPath":"site\\wwwroot"},"Directories":[]}],"Id":"e3c47713f13aab6094cc2d4310c138123df84482b9fa5aafddc68e8222088e26-9cccf626cb6379e0e7b474af94af7a7120c40e439d80b49877abaee56de0f4ef","Name":"Airsonic","WebServerId":"e3c47713f13aab6094cc2d4310c138123df84482b9fa5aafddc68e8222088e26","WebServerName":"IIS Server","Directories":[{"Id":null,"IsEditable":false,"SourcePaths":["C:\\Program Files\\Airsonic"],"LocalScratchPath":null,"MountPath":null,"SourceSize":null}],"Configurations":[],"Path":null,"Bindings":[{"Protocol":"http","HostName":"","Port":"80","IPAddress":"*"}],"PrimaryFramework":{"Name":".NET","Version":"v4.0"},"DiscoveredFrameworks":[{"Name":".NET","Version":"v4.0"}],"StaticFolders":[],"MachineDisplayName":"win-airsonic-frontend"}],"IISWebServerDetails":[{"FabricElementType":"IISWebServer","Id":"2a56e1a4898e85f9392117882f4a71e0aa31b0375b1224c06b45ff083115c0b0","MachineLinkId":":db73f8f2-624c-4a0f-905b-8c6f34442cbc_50156955-9730-407b-9225-555e02cac74d","Name":"IIS Server","Fqdn":"2404:f801:4800:1c:3e80:b31:aa34:da4d","RootConfigurationLocation":"C:\\Windows\\System32\\inetsrv\\config\\applicationHost.config","HydratedRunAsAccountId":"c96c2668-a5cb-504d-8b83-6fc4209f367a","Version":"10.0","ApplicationIds":[],"HostName":null,"OperatingSystemDetails":null},{"FabricElementType":"IISWebServer","Id":"7d0b2d8fcf04f6010407aba04623b282be3c1cdab7c124e7c239b69693a51e49","MachineLinkId":":db73f8f2-624c-4a0f-905b-8c6f34442cbc_50151ee3-8949-1144-0931-dc744bd5624f","Name":"IIS Server","Fqdn":"2404:f801:4800:1c:4a64:ab59:9ca4:873d","RootConfigurationLocation":"C:\\Windows\\System32\\inetsrv\\config\\applicationHost.config","HydratedRunAsAccountId":"c96c2668-a5cb-504d-8b83-6fc4209f367a","Version":"10.0","ApplicationIds":[],"HostName":null,"OperatingSystemDetails":null},{"FabricElementType":"IISWebServer","Id":"a6a64d35f1611940608a56cb88f57b824cd9b6303eb3e2d27168a18cc47f7e5c","MachineLinkId":":db73f8f2-624c-4a0f-905b-8c6f34442cbc_5015f22a-0530-3798-8a48-cdb785388a6a","Name":"IIS Server","Fqdn":"2404:f801:4800:1c:dab0:c43:de68:9638","RootConfigurationLocation":"C:\\Windows\\System32\\inetsrv\\config\\applicationHost.config","HydratedRunAsAccountId":"c96c2668-a5cb-504d-8b83-6fc4209f367a","Version":"10.0","ApplicationIds":[],"HostName":null,"OperatingSystemDetails":null},{"FabricElementType":"IISWebServer","Id":"0f6a5147dd4d8f0f5c785eb378de01c7db4e127009b0412269a88deba7ad6ffc","MachineLinkId":":db73f8f2-624c-4a0f-905b-8c6f34442cbc_5015218b-f1b4-c83f-6ec2-0b1118ce8ce2","Name":"IIS Server","Fqdn":"2404:f801:4800:1c:3e48:5f70:b83f:54f8","RootConfigurationLocation":"C:\\Windows\\System32\\inetsrv\\config\\applicationHost.config","HydratedRunAsAccountId":"c96c2668-a5cb-504d-8b83-6fc4209f367a","Version":"10.0","ApplicationIds":[],"HostName":null,"OperatingSystemDetails":null},{"FabricElementType":"IISWebServer","Id":"15f43260fd4e00f59807e86e7384b31455d65466868140508c521f3a5b3eedb2","MachineLinkId":":db73f8f2-624c-4a0f-905b-8c6f34442cbc_5015640f-f4ed-6685-f7e6-5e8d2f85df24","Name":"IIS Server","Fqdn":"2404:f801:4800:1c:d015:6174:dd77:7e85","RootConfigurationLocation":"C:\\Windows\\System32\\inetsrv\\config\\applicationHost.config","HydratedRunAsAccountId":"c96c2668-a5cb-504d-8b83-6fc4209f367a","Version":"10.0","ApplicationIds":[],"HostName":null,"OperatingSystemDetails":null},{"FabricElementType":"IISWebServer","Id":"3a3fb2fbbd3e8da1d5653516fd9ef936d509562dfb5754121b316b60b22b0f00","MachineLinkId":":db73f8f2-624c-4a0f-905b-8c6f34442cbc_501595b6-40c6-eb14-1a5e-f1d79193952f","Name":"IIS Server","Fqdn":"2404:f801:4800:1c:6d2a:3524:7bf2:2446","RootConfigurationLocation":"C:\\Windows\\System32\\inetsrv\\config\\applicationHost.config","HydratedRunAsAccountId":"c96c2668-a5cb-504d-8b83-6fc4209f367a","Version":"10.0","ApplicationIds":[],"HostName":null,"OperatingSystemDetails":null},{"FabricElementType":"IISWebServer","Id":"54c6c42e9b664ec58913b238b1e030f85dab6bea065c0c963a4e2e4196b36506","MachineLinkId":":db73f8f2-624c-4a0f-905b-8c6f34442cbc_5015a6ae-b2c9-7f84-cf8d-31f55ad370c2","Name":"IIS Server","Fqdn":"2404:f801:4800:1c:da1f:2112:ce0f:7616","RootConfigurationLocation":"C:\\Windows\\System32\\inetsrv\\config\\applicationHost.config","HydratedRunAsAccountId":"c96c2668-a5cb-504d-8b83-6fc4209f367a","Version":"10.0","ApplicationIds":[],"HostName":null,"OperatingSystemDetails":null},{"FabricElementType":"IISWebServer","Id":"d5e22b9e449104d4325fc6eebcd437693de2099a7c665c372a2e69ac7c9dfc6c","MachineLinkId":":db73f8f2-624c-4a0f-905b-8c6f34442cbc_50159144-8ec4-8bab-5d10-ea2a219ef451","Name":"IIS Server","Fqdn":"2404:f801:4800:1c:ba65:5172:5e08:2f70","RootConfigurationLocation":"C:\\Windows\\System32\\inetsrv\\config\\applicationHost.config","HydratedRunAsAccountId":"c96c2668-a5cb-504d-8b83-6fc4209f367a","Version":"10.0","ApplicationIds":[],"HostName":null,"OperatingSystemDetails":null},{"FabricElementType":"IISWebServer","Id":"7e951ec7ea5284426b54dcc8087eed39d97926097eaaacaea01898be0ac0d7f2","MachineLinkId":":db73f8f2-624c-4a0f-905b-8c6f34442cbc_50154d13-01a7-8999-94c1-7604446438ba","Name":"IIS Server","Fqdn":"2404:f801:4800:1c:6449:168d:b43:80a0","RootConfigurationLocation":"C:\\Windows\\System32\\inetsrv\\config\\applicationHost.config","HydratedRunAsAccountId":"c96c2668-a5cb-504d-8b83-6fc4209f367a","Version":"10.0","ApplicationIds":[],"HostName":null,"OperatingSystemDetails":null},{"FabricElementType":"IISWebServer","Id":"fb5348f4549c932e5889f83fe197a0f7001f6446a6f6575dfbe36407db469633","MachineLinkId":":db73f8f2-624c-4a0f-905b-8c6f34442cbc_50153778-9b2c-3dd9-51ed-c0b2b777973c","Name":"IIS Server","Fqdn":"2404:f801:4800:1c:c9b6:cb44:58ff:d33e","RootConfigurationLocation":"C:\\Windows\\System32\\inetsrv\\config\\applicationHost.config","HydratedRunAsAccountId":"c96c2668-a5cb-504d-8b83-6fc4209f367a","Version":"10.0","ApplicationIds":[],"HostName":null,"OperatingSystemDetails":null},{"FabricElementType":"IISWebServer","Id":"876cbb642452ad44898b0e95ac429784ac25a11cadf3094feb2dd604b4b25cfc","MachineLinkId":":db73f8f2-624c-4a0f-905b-8c6f34442cbc_5015ba56-edb6-ea1d-8124-8050be994b79","Name":"IIS Server","Fqdn":"2404:f801:4800:1c:1b23:85e4:39c2:56ca","RootConfigurationLocation":"C:\\Windows\\System32\\inetsrv\\config\\applicationHost.config","HydratedRunAsAccountId":"c96c2668-a5cb-504d-8b83-6fc4209f367a","Version":"10.0","ApplicationIds":[],"HostName":null,"OperatingSystemDetails":null},{"FabricElementType":"IISWebServer","Id":"e3c47713f13aab6094cc2d4310c138123df84482b9fa5aafddc68e8222088e26","MachineLinkId":":db73f8f2-624c-4a0f-905b-8c6f34442cbc_501514ae-8c32-f811-d6cf-6e8802e1e7aa","Name":"IIS Server","Fqdn":"2404:f801:4800:1c:a327:3817:8405:1a51","RootConfigurationLocation":"C:\\Windows\\System32\\inetsrv\\config\\applicationHost.config","HydratedRunAsAccountId":"c96c2668-a5cb-504d-8b83-6fc4209f367a","Version":"10.0","ApplicationIds":[],"HostName":null,"OperatingSystemDetails":null},{"FabricElementType":"IISWebServer","Id":"70684e00e3da5acfdb2e5b14b1af5dd934b12d465f09678e79caf83cf01d03c5","MachineLinkId":":db73f8f2-624c-4a0f-905b-8c6f34442cbc_501583df-4405-a6e8-e593-b2750eac1c34","Name":"IIS Server","Fqdn":"2404:f801:4800:1c:ed4a:727a:1657:d91b","RootConfigurationLocation":"C:\\Windows\\System32\\inetsrv\\config\\applicationHost.config","HydratedRunAsAccountId":"c96c2668-a5cb-504d-8b83-6fc4209f367a","Version":"10.0","ApplicationIds":[],"HostName":null,"OperatingSystemDetails":null}],"MachineDetails":[{"MachineLinkId":":db73f8f2-624c-4a0f-905b-8c6f34442cbc_5015a6ae-b2c9-7f84-cf8d-31f55ad370c2","RunAsAccountId":null,"HydratedRunAsAccount":"c96c2668-a5cb-504d-8b83-6fc4209f367a","HostName":"2404:f801:4800:1c:da1f:2112:ce0f:7616","NumberOfWebServers":1,"NumberOfWebApplications":2,"FabricElementType":"Server","PartialDiscoveryErrorDetails":null},{"MachineLinkId":":db73f8f2-624c-4a0f-905b-8c6f34442cbc_5015218b-f1b4-c83f-6ec2-0b1118ce8ce2","RunAsAccountId":null,"HydratedRunAsAccount":"c96c2668-a5cb-504d-8b83-6fc4209f367a","HostName":"2404:f801:4800:1c:3e48:5f70:b83f:54f8","NumberOfWebServers":1,"NumberOfWebApplications":2,"FabricElementType":"Server","PartialDiscoveryErrorDetails":null},{"MachineLinkId":":db73f8f2-624c-4a0f-905b-8c6f34442cbc_501583df-4405-a6e8-e593-b2750eac1c34","RunAsAccountId":null,"HydratedRunAsAccount":"c96c2668-a5cb-504d-8b83-6fc4209f367a","HostName":"2404:f801:4800:1c:ed4a:727a:1657:d91b","NumberOfWebServers":1,"NumberOfWebApplications":1,"FabricElementType":"Server","PartialDiscoveryErrorDetails":null},{"MachineLinkId":":db73f8f2-624c-4a0f-905b-8c6f34442cbc_501514ae-8c32-f811-d6cf-6e8802e1e7aa","RunAsAccountId":null,"HydratedRunAsAccount":"c96c2668-a5cb-504d-8b83-6fc4209f367a","HostName":"2404:f801:4800:1c:a327:3817:8405:1a51","NumberOfWebServers":1,"NumberOfWebApplications":1,"FabricElementType":"Server","PartialDiscoveryErrorDetails":null},{"MachineLinkId":":db73f8f2-624c-4a0f-905b-8c6f34442cbc_50153778-9b2c-3dd9-51ed-c0b2b777973c","RunAsAccountId":null,"HydratedRunAsAccount":"c96c2668-a5cb-504d-8b83-6fc4209f367a","HostName":"2404:f801:4800:1c:c9b6:cb44:58ff:d33e","NumberOfWebServers":1,"NumberOfWebApplications":2,"FabricElementType":"Server","PartialDiscoveryErrorDetails":null},{"MachineLinkId":":db73f8f2-624c-4a0f-905b-8c6f34442cbc_50159144-8ec4-8bab-5d10-ea2a219ef451","RunAsAccountId":null,"HydratedRunAsAccount":"c96c2668-a5cb-504d-8b83-6fc4209f367a","HostName":"2404:f801:4800:1c:ba65:5172:5e08:2f70","NumberOfWebServers":1,"NumberOfWebApplications":1,"FabricElementType":"Server","PartialDiscoveryErrorDetails":null},{"MachineLinkId":":db73f8f2-624c-4a0f-905b-8c6f34442cbc_5015640f-f4ed-6685-f7e6-5e8d2f85df24","RunAsAccountId":null,"HydratedRunAsAccount":"c96c2668-a5cb-504d-8b83-6fc4209f367a","HostName":"2404:f801:4800:1c:d015:6174:dd77:7e85","NumberOfWebServers":1,"NumberOfWebApplications":2,"FabricElementType":"Server","PartialDiscoveryErrorDetails":null},{"MachineLinkId":":db73f8f2-624c-4a0f-905b-8c6f34442cbc_5015f22a-0530-3798-8a48-cdb785388a6a","RunAsAccountId":null,"HydratedRunAsAccount":"c96c2668-a5cb-504d-8b83-6fc4209f367a","HostName":"2404:f801:4800:1c:dab0:c43:de68:9638","NumberOfWebServers":1,"NumberOfWebApplications":2,"FabricElementType":"Server","PartialDiscoveryErrorDetails":null},{"MachineLinkId":":db73f8f2-624c-4a0f-905b-8c6f34442cbc_501595b6-40c6-eb14-1a5e-f1d79193952f","RunAsAccountId":null,"HydratedRunAsAccount":"c96c2668-a5cb-504d-8b83-6fc4209f367a","HostName":"2404:f801:4800:1c:6d2a:3524:7bf2:2446","NumberOfWebServers":1,"NumberOfWebApplications":2,"FabricElementType":"Server","PartialDiscoveryErrorDetails":null},{"MachineLinkId":":db73f8f2-624c-4a0f-905b-8c6f34442cbc_5015ba56-edb6-ea1d-8124-8050be994b79","RunAsAccountId":null,"HydratedRunAsAccount":"c96c2668-a5cb-504d-8b83-6fc4209f367a","HostName":"2404:f801:4800:1c:1b23:85e4:39c2:56ca","NumberOfWebServers":1,"NumberOfWebApplications":2,"FabricElementType":"Server","PartialDiscoveryErrorDetails":null},{"MachineLinkId":":db73f8f2-624c-4a0f-905b-8c6f34442cbc_50154d13-01a7-8999-94c1-7604446438ba","RunAsAccountId":null,"HydratedRunAsAccount":"c96c2668-a5cb-504d-8b83-6fc4209f367a","HostName":"2404:f801:4800:1c:6449:168d:b43:80a0","NumberOfWebServers":1,"NumberOfWebApplications":2,"FabricElementType":"Server","PartialDiscoveryErrorDetails":null},{"MachineLinkId":":db73f8f2-624c-4a0f-905b-8c6f34442cbc_50151ee3-8949-1144-0931-dc744bd5624f","RunAsAccountId":null,"HydratedRunAsAccount":"c96c2668-a5cb-504d-8b83-6fc4209f367a","HostName":"2404:f801:4800:1c:4a64:ab59:9ca4:873d","NumberOfWebServers":1,"NumberOfWebApplications":2,"FabricElementType":"Server","PartialDiscoveryErrorDetails":null},{"MachineLinkId":":db73f8f2-624c-4a0f-905b-8c6f34442cbc_50156955-9730-407b-9225-555e02cac74d","RunAsAccountId":null,"HydratedRunAsAccount":"c96c2668-a5cb-504d-8b83-6fc4209f367a","HostName":"2404:f801:4800:1c:3e80:b31:aa34:da4d","NumberOfWebServers":1,"NumberOfWebApplications":1,"FabricElementType":"Server","PartialDiscoveryErrorDetails":null}],"RunAsAccounts":[],"Errors":[{"Entity":"{\"MachineLinkId\":\":db73f8f2-624c-4a0f-905b-8c6f34442cbc_50155128-f999-ddf8-0f25-b5e121a523fd\",\"BiosGuid\":\"42155b2b-eeac-7562-8f8b-68cf8c83dbf0\",\"Hostname\":\"airsonic-pgsql\",\"IPsAndHostNames\":[\"airsonic-pgsql\",\"10.150.102.224\",\"2404:f801:4800:1c:1e28:31e1:9f62:bf5\",\"2404:f801:4800:1c:280:afa0:a8a7:d8da\",\"2404:f801:4800:1c:3b9d:bdd0:17a5:87bb\"],\"RunAsAccountId\":null,\"OsType\":\"linuxguest\",\"HydratedRunAsAccount\":null,\"FabricElementType\":\"Server\",\"MachineDisplayName\":\"airsonic-frontend\"}","EntityType":"Server","EntityErrors":[{"ErrorCode":"UnableToConnectToPhysicalServer","ErrorLevel":"Error","ErrorMessageParametersMap":{"Name":"airsonic-pgsql","ErrorCode":"","ErrorMessage":"Unable to connect to this machine. The error per IP is: \n[IP/HostName: airsonic-pgsql, Error:Failed to discover applications for the WorkloadDetector 'TomcatWebApps'.]\n[IP/HostName: 10.150.102.224, Error:Failed to discover applications for the WorkloadDetector 'TomcatWebApps'.]\n[IP/HostName: 2404:f801:4800:1c:1e28:31e1:9f62:bf5, Error:Failed to discover applications for the WorkloadDetector 'TomcatWebApps'.]\n[IP/HostName: 2404:f801:4800:1c:280:afa0:a8a7:d8da, Error:Failed to discover applications for the WorkloadDetector 'TomcatWebApps'.]\n[IP/HostName: 2404:f801:4800:1c:3b9d:bdd0:17a5:87bb, Error:Failed to discover applications for the WorkloadDetector 'TomcatWebApps'.]\n"},"RunAsAccountId":"80769bda-6dbf-5e3a-872f-9eb54bc36208","DiscoveryScope":"StaticData"},{"ErrorCode":"UnableToConnectToPhysicalServer","ErrorLevel":"Error","ErrorMessageParametersMap":{"Name":"airsonic-pgsql","ErrorCode":"","ErrorMessage":"Unable to connect to this machine. The error per IP is: \n[IP/HostName: airsonic-pgsql, Error:Failed to discover applications for the WorkloadDetector 'TomcatWebApps'.]\n[IP/HostName: 10.150.102.224, Error:Failed to discover applications for the WorkloadDetector 'TomcatWebApps'.]\n[IP/HostName: 2404:f801:4800:1c:1e28:31e1:9f62:bf5, Error:Failed to discover applications for the WorkloadDetector 'TomcatWebApps'.]\n[IP/HostName: 2404:f801:4800:1c:280:afa0:a8a7:d8da, Error:Failed to discover applications for the WorkloadDetector 'TomcatWebApps'.]\n[IP/HostName: 2404:f801:4800:1c:3b9d:bdd0:17a5:87bb, Error:Failed to discover applications for the WorkloadDetector 'TomcatWebApps'.]\n"},"RunAsAccountId":"b16be3d7-ee9f-5016-b751-504afc18b961","DiscoveryScope":"StaticData"},{"ErrorCode":"UnableToConnectToPhysicalServer","ErrorLevel":"Error","ErrorMessageParametersMap":{"Name":"airsonic-pgsql","ErrorCode":"","ErrorMessage":"Unable to connect to this machine. The error per IP is: \n[IP/HostName: airsonic-pgsql, Error:Failed to discover applications for the WorkloadDetector 'TomcatWebApps'.]\n[IP/HostName: 10.150.102.224, Error:Failed to discover applications for the WorkloadDetector 'TomcatWebApps'.]\n[IP/HostName: 2404:f801:4800:1c:1e28:31e1:9f62:bf5, Error:Failed to discover applications for the WorkloadDetector 'TomcatWebApps'.]\n[IP/HostName: 2404:f801:4800:1c:280:afa0:a8a7:d8da, Error:Failed to discover applications for the WorkloadDetector 'TomcatWebApps'.]\n[IP/HostName: 2404:f801:4800:1c:3b9d:bdd0:17a5:87bb, Error:Failed to discover applications for the WorkloadDetector 'TomcatWebApps'.]\n"},"RunAsAccountId":"21478a56-4543-5e57-8dea-1ace734d2dd4","DiscoveryScope":"StaticData"},{"ErrorCode":"UnableToConnectToPhysicalServer","ErrorLevel":"Error","ErrorMessageParametersMap":{"Name":"airsonic-pgsql","ErrorCode":"","ErrorMessage":"Unable to connect to this machine. The error per IP is: \n[IP/HostName: airsonic-pgsql, Error:Failed to discover applications for the WorkloadDetector 'TomcatWebApps'.]\n[IP/HostName: 10.150.102.224, Error:Failed to discover applications for the WorkloadDetector 'TomcatWebApps'.]\n[IP/HostName: 2404:f801:4800:1c:1e28:31e1:9f62:bf5, Error:Failed to discover applications for the WorkloadDetector 'TomcatWebApps'.]\n[IP/HostName: 2404:f801:4800:1c:280:afa0:a8a7:d8da, Error:Failed to discover applications for the WorkloadDetector 'TomcatWebApps'.]\n[IP/HostName: 2404:f801:4800:1c:3b9d:bdd0:17a5:87bb, Error:Failed to discover applications for the WorkloadDetector 'TomcatWebApps'.]\n"},"RunAsAccountId":"8322a505-81f4-556e-b238-6eec067a4321","DiscoveryScope":"StaticData"}],"FabricElementType":"Error"},{"Entity":"{\"MachineLinkId\":\":db73f8f2-624c-4a0f-905b-8c6f34442cbc_5015891a-b3c0-f555-9fa9-fff3feb858f9\",\"BiosGuid\":\"42154c86-8a6f-7133-daa6-d5cff79b8193\",\"Hostname\":\"airsonic-pgsql-db-win\",\"IPsAndHostNames\":[\"airsonic-pgsql-db-win\",\"2404:f801:4800:1c:8097:64ee:f695:5062\",\"10.150.101.53\"],\"RunAsAccountId\":null,\"OsType\":\"windowsguest\",\"HydratedRunAsAccount\":null,\"FabricElementType\":\"Server\",\"MachineDisplayName\":\"win-airsonic-backend\"}","EntityType":"Server","EntityErrors":[{"ErrorCode":"NoWebApplicationsFound","ErrorLevel":"Warning","ErrorMessageParametersMap":{},"RunAsAccountId":"c96c2668-a5cb-504d-8b83-6fc4209f367a","DiscoveryScope":"StaticData"}],"FabricElementType":"Error"}]},"Delete":{"IISWebApplications":[],"IISWebServers":[],"TomcatWebApplications":[],"TomcatWebServers":[],"TargetMachines":[],"RunAsAccounts":[],"Errors":[]},"UpdateType":"OnDemand","Source":"RefreshFabricLayout","ServiceInitiatedJobId":"bcc99277-0b04-4ba3-9008-5154e9d3a95e"}