{"WebApplicationReport":[{"WebAppId":"e3c47713f13aab6094cc2d4310c138123df84482b9fa5aafddc68e8222088e26-9cccf626cb6379e0e7b474af94af7a7120c40e439d80b49877abaee56de0f4ef","WebAppName":"Airsonic","TargetSuitability":{"MigrationTargetPlatform":"AzureAppServiceContainer","MigrationReadiness":"Ready","SuitabilityDetails":[]}},{"WebAppId":"e3c47713f13aab6094cc2d4310c138123df84482b9fa5aafddc68e8222088e26-9cccf626cb6379e0e7b474af94af7a7120c40e439d80b49877abaee56de0f4ef","WebAppName":"Airsonic","TargetSuitability":{"MigrationTargetPlatform":"AzureAppService","MigrationReadiness":"ConditionallyReady","SuitabilityDetails":[{"IssueId":"LocationTagCheck","IssueCategory":2,"IssueDescriptionList":["Airsonic"],"ImpactedObject":[]}]}},{"WebAppId":"fb5348f4549c932e5889f83fe197a0f7001f6446a6f6575dfbe36407db469633-d7acfd06ed57bf40128dcd6f45c52ee864bab1db2edd3636e223c36b800a1773","WebAppName":"Microsoft Azure Appliance Configuration Manager","TargetSuitability":{"MigrationTargetPlatform":"AzureAppServiceContainer","MigrationReadiness":"ConditionallyReady","SuitabilityDetails":[{"IssueId":"AuthCheckContainer","IssueCategory":2,"IssueDescriptionList":["windowsAuthentication (/)"],"ImpactedObject":[]},{"IssueId":"HttpsBindingCheckContainer","IssueCategory":2,"IssueDescriptionList":[],"ImpactedObject":[]},{"IssueId":"TcpPortCheckContainer","IssueCategory":2,"IssueDescriptionList":["44368"],"ImpactedObject":[]},{"IssueId":"AppPoolIdentityCheckContainer","IssueCategory":2,"IssueDescriptionList":["LocalSystem (Microsoft Azure Appliance Configuration Manager)"],"ImpactedObject":[]}]}},{"WebAppId":"fb5348f4549c932e5889f83fe197a0f7001f6446a6f6575dfbe36407db469633-a7b69c342d1f4d236917767b170deb3c38129ecba355e513f2997ce40016674a","WebAppName":"Default Web Site","TargetSuitability":{"MigrationTargetPlatform":"AzureAppServiceContainer","MigrationReadiness":"Ready","SuitabilityDetails":[]}},{"WebAppId":"fb5348f4549c932e5889f83fe197a0f7001f6446a6f6575dfbe36407db469633-d7acfd06ed57bf40128dcd6f45c52ee864bab1db2edd3636e223c36b800a1773","WebAppName":"Microsoft Azure Appliance Configuration Manager","TargetSuitability":{"MigrationTargetPlatform":"AzureAppService","MigrationReadiness":"ConditionallyReady","SuitabilityDetails":[{"IssueId":"AuthCheck","IssueCategory":2,"IssueDescriptionList":["windowsAuthentication (/)"],"ImpactedObject":[]},{"IssueId":"HttpsBindingCheck","IssueCategory":2,"IssueDescriptionList":[],"ImpactedObject":[]},{"IssueId":"TcpPortCheck","IssueCategory":2,"IssueDescriptionList":["44368"],"ImpactedObject":[]},{"IssueId":"AppPoolIdentityCheck","IssueCategory":2,"IssueDescriptionList":["LocalSystem (Microsoft Azure Appliance Configuration Manager)"],"ImpactedObject":[]},{"IssueId":"LocationTagCheck","IssueCategory":2,"IssueDescriptionList":["Microsoft Azure Appliance Configuration Manager"],"ImpactedObject":[]}]}},{"WebAppId":"fb5348f4549c932e5889f83fe197a0f7001f6446a6f6575dfbe36407db469633-a7b69c342d1f4d236917767b170deb3c38129ecba355e513f2997ce40016674a","WebAppName":"Default Web Site","TargetSuitability":{"MigrationTargetPlatform":"AzureAppService","MigrationReadiness":"Ready","SuitabilityDetails":[]}},{"WebAppId":"876cbb642452ad44898b0e95ac429784ac25a11cadf3094feb2dd604b4b25cfc-d7acfd06ed57bf40128dcd6f45c52ee864bab1db2edd3636e223c36b800a1773","WebAppName":"Microsoft Azure Appliance Configuration Manager","TargetSuitability":{"MigrationTargetPlatform":"AzureAppServiceContainer","MigrationReadiness":"ConditionallyReady","SuitabilityDetails":[{"IssueId":"AuthCheckContainer","IssueCategory":2,"IssueDescriptionList":["windowsAuthentication (/)"],"ImpactedObject":[]},{"IssueId":"HttpsBindingCheckContainer","IssueCategory":2,"IssueDescriptionList":[],"ImpactedObject":[]},{"IssueId":"TcpPortCheckContainer","IssueCategory":2,"IssueDescriptionList":["44368"],"ImpactedObject":[]},{"IssueId":"AppPoolIdentityCheckContainer","IssueCategory":2,"IssueDescriptionList":["LocalSystem (Microsoft Azure Appliance Configuration Manager)"],"ImpactedObject":[]}]}},{"WebAppId":"876cbb642452ad44898b0e95ac429784ac25a11cadf3094feb2dd604b4b25cfc-a7b69c342d1f4d236917767b170deb3c38129ecba355e513f2997ce40016674a","WebAppName":"Default Web Site","TargetSuitability":{"MigrationTargetPlatform":"AzureAppServiceContainer","MigrationReadiness":"Ready","SuitabilityDetails":[]}},{"WebAppId":"876cbb642452ad44898b0e95ac429784ac25a11cadf3094feb2dd604b4b25cfc-d7acfd06ed57bf40128dcd6f45c52ee864bab1db2edd3636e223c36b800a1773","WebAppName":"Microsoft Azure Appliance Configuration Manager","TargetSuitability":{"MigrationTargetPlatform":"AzureAppService","MigrationReadiness":"ConditionallyReady","SuitabilityDetails":[{"IssueId":"AuthCheck","IssueCategory":2,"IssueDescriptionList":["windowsAuthentication (/)"],"ImpactedObject":[]},{"IssueId":"HttpsBindingCheck","IssueCategory":2,"IssueDescriptionList":[],"ImpactedObject":[]},{"IssueId":"TcpPortCheck","IssueCategory":2,"IssueDescriptionList":["44368"],"ImpactedObject":[]},{"IssueId":"AppPoolIdentityCheck","IssueCategory":2,"IssueDescriptionList":["LocalSystem (Microsoft Azure Appliance Configuration Manager)"],"ImpactedObject":[]},{"IssueId":"LocationTagCheck","IssueCategory":2,"IssueDescriptionList":["Microsoft Azure Appliance Configuration Manager"],"ImpactedObject":[]}]}},{"WebAppId":"876cbb642452ad44898b0e95ac429784ac25a11cadf3094feb2dd604b4b25cfc-a7b69c342d1f4d236917767b170deb3c38129ecba355e513f2997ce40016674a","WebAppName":"Default Web Site","TargetSuitability":{"MigrationTargetPlatform":"AzureAppService","MigrationReadiness":"Ready","SuitabilityDetails":[]}},{"WebAppId":"a6a64d35f1611940608a56cb88f57b824cd9b6303eb3e2d27168a18cc47f7e5c-d7acfd06ed57bf40128dcd6f45c52ee864bab1db2edd3636e223c36b800a1773","WebAppName":"Microsoft Azure Appliance Configuration Manager","TargetSuitability":{"MigrationTargetPlatform":"AzureAppServiceContainer","MigrationReadiness":"ConditionallyReady","SuitabilityDetails":[{"IssueId":"AuthCheckContainer","IssueCategory":2,"IssueDescriptionList":["windowsAuthentication (/)"],"ImpactedObject":[]},{"IssueId":"HttpsBindingCheckContainer","IssueCategory":2,"IssueDescriptionList":[],"ImpactedObject":[]},{"IssueId":"TcpPortCheckContainer","IssueCategory":2,"IssueDescriptionList":["44368"],"ImpactedObject":[]},{"IssueId":"AppPoolIdentityCheckContainer","IssueCategory":2,"IssueDescriptionList":["LocalSystem (Microsoft Azure Appliance Configuration Manager)"],"ImpactedObject":[]}]}},{"WebAppId":"a6a64d35f1611940608a56cb88f57b824cd9b6303eb3e2d27168a18cc47f7e5c-a7b69c342d1f4d236917767b170deb3c38129ecba355e513f2997ce40016674a","WebAppName":"Default Web Site","TargetSuitability":{"MigrationTargetPlatform":"AzureAppServiceContainer","MigrationReadiness":"Ready","SuitabilityDetails":[]}},{"WebAppId":"a6a64d35f1611940608a56cb88f57b824cd9b6303eb3e2d27168a18cc47f7e5c-d7acfd06ed57bf40128dcd6f45c52ee864bab1db2edd3636e223c36b800a1773","WebAppName":"Microsoft Azure Appliance Configuration Manager","TargetSuitability":{"MigrationTargetPlatform":"AzureAppService","MigrationReadiness":"ConditionallyReady","SuitabilityDetails":[{"IssueId":"AuthCheck","IssueCategory":2,"IssueDescriptionList":["windowsAuthentication (/)"],"ImpactedObject":[]},{"IssueId":"HttpsBindingCheck","IssueCategory":2,"IssueDescriptionList":[],"ImpactedObject":[]},{"IssueId":"TcpPortCheck","IssueCategory":2,"IssueDescriptionList":["44368"],"ImpactedObject":[]},{"IssueId":"AppPoolIdentityCheck","IssueCategory":2,"IssueDescriptionList":["LocalSystem (Microsoft Azure Appliance Configuration Manager)"],"ImpactedObject":[]},{"IssueId":"LocationTagCheck","IssueCategory":2,"IssueDescriptionList":["Microsoft Azure Appliance Configuration Manager"],"ImpactedObject":[]}]}},{"WebAppId":"a6a64d35f1611940608a56cb88f57b824cd9b6303eb3e2d27168a18cc47f7e5c-a7b69c342d1f4d236917767b170deb3c38129ecba355e513f2997ce40016674a","WebAppName":"Default Web Site","TargetSuitability":{"MigrationTargetPlatform":"AzureAppService","MigrationReadiness":"Ready","SuitabilityDetails":[]}},{"WebAppId":"3a3fb2fbbd3e8da1d5653516fd9ef936d509562dfb5754121b316b60b22b0f00-d7acfd06ed57bf40128dcd6f45c52ee864bab1db2edd3636e223c36b800a1773","WebAppName":"Microsoft Azure Appliance Configuration Manager","TargetSuitability":{"MigrationTargetPlatform":"AzureAppServiceContainer","MigrationReadiness":"ConditionallyReady","SuitabilityDetails":[{"IssueId":"AuthCheckContainer","IssueCategory":2,"IssueDescriptionList":["windowsAuthentication (/)"],"ImpactedObject":[]},{"IssueId":"HttpsBindingCheckContainer","IssueCategory":2,"IssueDescriptionList":[],"ImpactedObject":[]},{"IssueId":"TcpPortCheckContainer","IssueCategory":2,"IssueDescriptionList":["44368"],"ImpactedObject":[]},{"IssueId":"AppPoolIdentityCheckContainer","IssueCategory":2,"IssueDescriptionList":["LocalSystem (Microsoft Azure Appliance Configuration Manager)"],"ImpactedObject":[]}]}},{"WebAppId":"3a3fb2fbbd3e8da1d5653516fd9ef936d509562dfb5754121b316b60b22b0f00-a7b69c342d1f4d236917767b170deb3c38129ecba355e513f2997ce40016674a","WebAppName":"Default Web Site","TargetSuitability":{"MigrationTargetPlatform":"AzureAppServiceContainer","MigrationReadiness":"Ready","SuitabilityDetails":[]}},{"WebAppId":"3a3fb2fbbd3e8da1d5653516fd9ef936d509562dfb5754121b316b60b22b0f00-d7acfd06ed57bf40128dcd6f45c52ee864bab1db2edd3636e223c36b800a1773","WebAppName":"Microsoft Azure Appliance Configuration Manager","TargetSuitability":{"MigrationTargetPlatform":"AzureAppService","MigrationReadiness":"ConditionallyReady","SuitabilityDetails":[{"IssueId":"AuthCheck","IssueCategory":2,"IssueDescriptionList":["windowsAuthentication (/)"],"ImpactedObject":[]},{"IssueId":"HttpsBindingCheck","IssueCategory":2,"IssueDescriptionList":[],"ImpactedObject":[]},{"IssueId":"TcpPortCheck","IssueCategory":2,"IssueDescriptionList":["44368"],"ImpactedObject":[]},{"IssueId":"AppPoolIdentityCheck","IssueCategory":2,"IssueDescriptionList":["LocalSystem (Microsoft Azure Appliance Configuration Manager)"],"ImpactedObject":[]},{"IssueId":"LocationTagCheck","IssueCategory":2,"IssueDescriptionList":["Microsoft Azure Appliance Configuration Manager"],"ImpactedObject":[]}]}},{"WebAppId":"3a3fb2fbbd3e8da1d5653516fd9ef936d509562dfb5754121b316b60b22b0f00-a7b69c342d1f4d236917767b170deb3c38129ecba355e513f2997ce40016674a","WebAppName":"Default Web Site","TargetSuitability":{"MigrationTargetPlatform":"AzureAppService","MigrationReadiness":"Ready","SuitabilityDetails":[]}},{"WebAppId":"70684e00e3da5acfdb2e5b14b1af5dd934b12d465f09678e79caf83cf01d03c5-a7b69c342d1f4d236917767b170deb3c38129ecba355e513f2997ce40016674a","WebAppName":"Default Web Site","TargetSuitability":{"MigrationTargetPlatform":"AzureAppServiceContainer","MigrationReadiness":"Ready","SuitabilityDetails":[]}},{"WebAppId":"70684e00e3da5acfdb2e5b14b1af5dd934b12d465f09678e79caf83cf01d03c5-a7b69c342d1f4d236917767b170deb3c38129ecba355e513f2997ce40016674a","WebAppName":"Default Web Site","TargetSuitability":{"MigrationTargetPlatform":"AzureAppService","MigrationReadiness":"Ready","SuitabilityDetails":[]}},{"WebAppId":"54c6c42e9b664ec58913b238b1e030f85dab6bea065c0c963a4e2e4196b36506-d7acfd06ed57bf40128dcd6f45c52ee864bab1db2edd3636e223c36b800a1773","WebAppName":"Microsoft Azure Appliance Configuration Manager","TargetSuitability":{"MigrationTargetPlatform":"AzureAppServiceContainer","MigrationReadiness":"ConditionallyReady","SuitabilityDetails":[{"IssueId":"AuthCheckContainer","IssueCategory":2,"IssueDescriptionList":["basicAuthentication (/), windowsAuthentication (/)"],"ImpactedObject":[]},{"IssueId":"HttpsBindingCheckContainer","IssueCategory":2,"IssueDescriptionList":[],"ImpactedObject":[]},{"IssueId":"TcpPortCheckContainer","IssueCategory":2,"IssueDescriptionList":["44368"],"ImpactedObject":[]},{"IssueId":"AppPoolIdentityCheckContainer","IssueCategory":2,"IssueDescriptionList":["LocalSystem (Microsoft Azure Appliance Configuration Manager)"],"ImpactedObject":[]}]}},{"WebAppId":"54c6c42e9b664ec58913b238b1e030f85dab6bea065c0c963a4e2e4196b36506-a7b69c342d1f4d236917767b170deb3c38129ecba355e513f2997ce40016674a","WebAppName":"Default Web Site","TargetSuitability":{"MigrationTargetPlatform":"AzureAppServiceContainer","MigrationReadiness":"Ready","SuitabilityDetails":[]}},{"WebAppId":"54c6c42e9b664ec58913b238b1e030f85dab6bea065c0c963a4e2e4196b36506-d7acfd06ed57bf40128dcd6f45c52ee864bab1db2edd3636e223c36b800a1773","WebAppName":"Microsoft Azure Appliance Configuration Manager","TargetSuitability":{"MigrationTargetPlatform":"AzureAppService","MigrationReadiness":"ConditionallyReady","SuitabilityDetails":[{"IssueId":"AuthCheck","IssueCategory":2,"IssueDescriptionList":["basicAuthentication (/), windowsAuthentication (/)"],"ImpactedObject":[]},{"IssueId":"HttpsBindingCheck","IssueCategory":2,"IssueDescriptionList":[],"ImpactedObject":[]},{"IssueId":"TcpPortCheck","IssueCategory":2,"IssueDescriptionList":["44368"],"ImpactedObject":[]},{"IssueId":"AppPoolIdentityCheck","IssueCategory":2,"IssueDescriptionList":["LocalSystem (Microsoft Azure Appliance Configuration Manager)"],"ImpactedObject":[]},{"IssueId":"LocationTagCheck","IssueCategory":2,"IssueDescriptionList":["Microsoft Azure Appliance Configuration Manager"],"ImpactedObject":[]}]}},{"WebAppId":"54c6c42e9b664ec58913b238b1e030f85dab6bea065c0c963a4e2e4196b36506-a7b69c342d1f4d236917767b170deb3c38129ecba355e513f2997ce40016674a","WebAppName":"Default Web Site","TargetSuitability":{"MigrationTargetPlatform":"AzureAppService","MigrationReadiness":"Ready","SuitabilityDetails":[]}},{"WebAppId":"0f6a5147dd4d8f0f5c785eb378de01c7db4e127009b0412269a88deba7ad6ffc-d7acfd06ed57bf40128dcd6f45c52ee864bab1db2edd3636e223c36b800a1773","WebAppName":"Microsoft Azure Appliance Configuration Manager","TargetSuitability":{"MigrationTargetPlatform":"AzureAppServiceContainer","MigrationReadiness":"ConditionallyReady","SuitabilityDetails":[{"IssueId":"AuthCheckContainer","IssueCategory":2,"IssueDescriptionList":["windowsAuthentication (/)"],"ImpactedObject":[]},{"IssueId":"HttpsBindingCheckContainer","IssueCategory":2,"IssueDescriptionList":[],"ImpactedObject":[]},{"IssueId":"TcpPortCheckContainer","IssueCategory":2,"IssueDescriptionList":["44368"],"ImpactedObject":[]},{"IssueId":"AppPoolIdentityCheckContainer","IssueCategory":2,"IssueDescriptionList":["LocalSystem (Microsoft Azure Appliance Configuration Manager)"],"ImpactedObject":[]}]}},{"WebAppId":"0f6a5147dd4d8f0f5c785eb378de01c7db4e127009b0412269a88deba7ad6ffc-a7b69c342d1f4d236917767b170deb3c38129ecba355e513f2997ce40016674a","WebAppName":"Default Web Site","TargetSuitability":{"MigrationTargetPlatform":"AzureAppServiceContainer","MigrationReadiness":"Ready","SuitabilityDetails":[]}},{"WebAppId":"0f6a5147dd4d8f0f5c785eb378de01c7db4e127009b0412269a88deba7ad6ffc-d7acfd06ed57bf40128dcd6f45c52ee864bab1db2edd3636e223c36b800a1773","WebAppName":"Microsoft Azure Appliance Configuration Manager","TargetSuitability":{"MigrationTargetPlatform":"AzureAppService","MigrationReadiness":"ConditionallyReady","SuitabilityDetails":[{"IssueId":"AuthCheck","IssueCategory":2,"IssueDescriptionList":["windowsAuthentication (/)"],"ImpactedObject":[]},{"IssueId":"HttpsBindingCheck","IssueCategory":2,"IssueDescriptionList":[],"ImpactedObject":[]},{"IssueId":"TcpPortCheck","IssueCategory":2,"IssueDescriptionList":["44368"],"ImpactedObject":[]},{"IssueId":"AppPoolIdentityCheck","IssueCategory":2,"IssueDescriptionList":["LocalSystem (Microsoft Azure Appliance Configuration Manager)"],"ImpactedObject":[]},{"IssueId":"LocationTagCheck","IssueCategory":2,"IssueDescriptionList":["Microsoft Azure Appliance Configuration Manager"],"ImpactedObject":[]}]}},{"WebAppId":"0f6a5147dd4d8f0f5c785eb378de01c7db4e127009b0412269a88deba7ad6ffc-a7b69c342d1f4d236917767b170deb3c38129ecba355e513f2997ce40016674a","WebAppName":"Default Web Site","TargetSuitability":{"MigrationTargetPlatform":"AzureAppService","MigrationReadiness":"Ready","SuitabilityDetails":[]}},{"WebAppId":"7e951ec7ea5284426b54dcc8087eed39d97926097eaaacaea01898be0ac0d7f2-d7acfd06ed57bf40128dcd6f45c52ee864bab1db2edd3636e223c36b800a1773","WebAppName":"Microsoft Azure Appliance Configuration Manager","TargetSuitability":{"MigrationTargetPlatform":"AzureAppServiceContainer","MigrationReadiness":"ConditionallyReady","SuitabilityDetails":[{"IssueId":"AuthCheckContainer","IssueCategory":2,"IssueDescriptionList":["windowsAuthentication (/)"],"ImpactedObject":[]},{"IssueId":"HttpsBindingCheckContainer","IssueCategory":2,"IssueDescriptionList":[],"ImpactedObject":[]},{"IssueId":"TcpPortCheckContainer","IssueCategory":2,"IssueDescriptionList":["44368"],"ImpactedObject":[]},{"IssueId":"AppPoolIdentityCheckContainer","IssueCategory":2,"IssueDescriptionList":["LocalSystem (Microsoft Azure Appliance Configuration Manager)"],"ImpactedObject":[]}]}},{"WebAppId":"7e951ec7ea5284426b54dcc8087eed39d97926097eaaacaea01898be0ac0d7f2-a7b69c342d1f4d236917767b170deb3c38129ecba355e513f2997ce40016674a","WebAppName":"Default Web Site","TargetSuitability":{"MigrationTargetPlatform":"AzureAppServiceContainer","MigrationReadiness":"Ready","SuitabilityDetails":[]}},{"WebAppId":"7e951ec7ea5284426b54dcc8087eed39d97926097eaaacaea01898be0ac0d7f2-d7acfd06ed57bf40128dcd6f45c52ee864bab1db2edd3636e223c36b800a1773","WebAppName":"Microsoft Azure Appliance Configuration Manager","TargetSuitability":{"MigrationTargetPlatform":"AzureAppService","MigrationReadiness":"ConditionallyReady","SuitabilityDetails":[{"IssueId":"AuthCheck","IssueCategory":2,"IssueDescriptionList":["windowsAuthentication (/)"],"ImpactedObject":[]},{"IssueId":"HttpsBindingCheck","IssueCategory":2,"IssueDescriptionList":[],"ImpactedObject":[]},{"IssueId":"TcpPortCheck","IssueCategory":2,"IssueDescriptionList":["44368"],"ImpactedObject":[]},{"IssueId":"AppPoolIdentityCheck","IssueCategory":2,"IssueDescriptionList":["LocalSystem (Microsoft Azure Appliance Configuration Manager)"],"ImpactedObject":[]},{"IssueId":"LocationTagCheck","IssueCategory":2,"IssueDescriptionList":["Microsoft Azure Appliance Configuration Manager"],"ImpactedObject":[]}]}},{"WebAppId":"7e951ec7ea5284426b54dcc8087eed39d97926097eaaacaea01898be0ac0d7f2-a7b69c342d1f4d236917767b170deb3c38129ecba355e513f2997ce40016674a","WebAppName":"Default Web Site","TargetSuitability":{"MigrationTargetPlatform":"AzureAppService","MigrationReadiness":"Ready","SuitabilityDetails":[]}},{"WebAppId":"7d0b2d8fcf04f6010407aba04623b282be3c1cdab7c124e7c239b69693a51e49-d7acfd06ed57bf40128dcd6f45c52ee864bab1db2edd3636e223c36b800a1773","WebAppName":"Microsoft Azure Appliance Configuration Manager","TargetSuitability":{"MigrationTargetPlatform":"AzureAppServiceContainer","MigrationReadiness":"ConditionallyReady","SuitabilityDetails":[{"IssueId":"AuthCheckContainer","IssueCategory":2,"IssueDescriptionList":["windowsAuthentication (/)"],"ImpactedObject":[]},{"IssueId":"HttpsBindingCheckContainer","IssueCategory":2,"IssueDescriptionList":[],"ImpactedObject":[]},{"IssueId":"TcpPortCheckContainer","IssueCategory":2,"IssueDescriptionList":["44368"],"ImpactedObject":[]},{"IssueId":"AppPoolIdentityCheckContainer","IssueCategory":2,"IssueDescriptionList":["LocalSystem (Microsoft Azure Appliance Configuration Manager)"],"ImpactedObject":[]}]}},{"WebAppId":"7d0b2d8fcf04f6010407aba04623b282be3c1cdab7c124e7c239b69693a51e49-a7b69c342d1f4d236917767b170deb3c38129ecba355e513f2997ce40016674a","WebAppName":"Default Web Site","TargetSuitability":{"MigrationTargetPlatform":"AzureAppServiceContainer","MigrationReadiness":"Ready","SuitabilityDetails":[]}},{"WebAppId":"7d0b2d8fcf04f6010407aba04623b282be3c1cdab7c124e7c239b69693a51e49-d7acfd06ed57bf40128dcd6f45c52ee864bab1db2edd3636e223c36b800a1773","WebAppName":"Microsoft Azure Appliance Configuration Manager","TargetSuitability":{"MigrationTargetPlatform":"AzureAppService","MigrationReadiness":"ConditionallyReady","SuitabilityDetails":[{"IssueId":"AuthCheck","IssueCategory":2,"IssueDescriptionList":["windowsAuthentication (/)"],"ImpactedObject":[]},{"IssueId":"HttpsBindingCheck","IssueCategory":2,"IssueDescriptionList":[],"ImpactedObject":[]},{"IssueId":"TcpPortCheck","IssueCategory":2,"IssueDescriptionList":["44368"],"ImpactedObject":[]},{"IssueId":"AppPoolIdentityCheck","IssueCategory":2,"IssueDescriptionList":["LocalSystem (Microsoft Azure Appliance Configuration Manager)"],"ImpactedObject":[]},{"IssueId":"LocationTagCheck","IssueCategory":2,"IssueDescriptionList":["Microsoft Azure Appliance Configuration Manager"],"ImpactedObject":[]}]}},{"WebAppId":"7d0b2d8fcf04f6010407aba04623b282be3c1cdab7c124e7c239b69693a51e49-a7b69c342d1f4d236917767b170deb3c38129ecba355e513f2997ce40016674a","WebAppName":"Default Web Site","TargetSuitability":{"MigrationTargetPlatform":"AzureAppService","MigrationReadiness":"Ready","SuitabilityDetails":[]}},{"WebAppId":"2a56e1a4898e85f9392117882f4a71e0aa31b0375b1224c06b45ff083115c0b0-a7b69c342d1f4d236917767b170deb3c38129ecba355e513f2997ce40016674a","WebAppName":"Default Web Site","TargetSuitability":{"MigrationTargetPlatform":"AzureAppServiceContainer","MigrationReadiness":"Ready","SuitabilityDetails":[]}},{"WebAppId":"2a56e1a4898e85f9392117882f4a71e0aa31b0375b1224c06b45ff083115c0b0-a7b69c342d1f4d236917767b170deb3c38129ecba355e513f2997ce40016674a","WebAppName":"Default Web Site","TargetSuitability":{"MigrationTargetPlatform":"AzureAppService","MigrationReadiness":"Ready","SuitabilityDetails":[]}},{"WebAppId":"15f43260fd4e00f59807e86e7384b31455d65466868140508c521f3a5b3eedb2-d7acfd06ed57bf40128dcd6f45c52ee864bab1db2edd3636e223c36b800a1773","WebAppName":"Microsoft Azure Appliance Configuration Manager","TargetSuitability":{"MigrationTargetPlatform":"AzureAppServiceContainer","MigrationReadiness":"ConditionallyReady","SuitabilityDetails":[{"IssueId":"AuthCheckContainer","IssueCategory":2,"IssueDescriptionList":["windowsAuthentication (/)"],"ImpactedObject":[]},{"IssueId":"HttpsBindingCheckContainer","IssueCategory":2,"IssueDescriptionList":[],"ImpactedObject":[]},{"IssueId":"TcpPortCheckContainer","IssueCategory":2,"IssueDescriptionList":["44368"],"ImpactedObject":[]},{"IssueId":"AppPoolIdentityCheckContainer","IssueCategory":2,"IssueDescriptionList":["LocalSystem (Microsoft Azure Appliance Configuration Manager)"],"ImpactedObject":[]}]}},{"WebAppId":"15f43260fd4e00f59807e86e7384b31455d65466868140508c521f3a5b3eedb2-a7b69c342d1f4d236917767b170deb3c38129ecba355e513f2997ce40016674a","WebAppName":"Default Web Site","TargetSuitability":{"MigrationTargetPlatform":"AzureAppServiceContainer","MigrationReadiness":"Ready","SuitabilityDetails":[]}},{"WebAppId":"15f43260fd4e00f59807e86e7384b31455d65466868140508c521f3a5b3eedb2-d7acfd06ed57bf40128dcd6f45c52ee864bab1db2edd3636e223c36b800a1773","WebAppName":"Microsoft Azure Appliance Configuration Manager","TargetSuitability":{"MigrationTargetPlatform":"AzureAppService","MigrationReadiness":"ConditionallyReady","SuitabilityDetails":[{"IssueId":"AuthCheck","IssueCategory":2,"IssueDescriptionList":["windowsAuthentication (/)"],"ImpactedObject":[]},{"IssueId":"HttpsBindingCheck","IssueCategory":2,"IssueDescriptionList":[],"ImpactedObject":[]},{"IssueId":"TcpPortCheck","IssueCategory":2,"IssueDescriptionList":["44368"],"ImpactedObject":[]},{"IssueId":"AppPoolIdentityCheck","IssueCategory":2,"IssueDescriptionList":["LocalSystem (Microsoft Azure Appliance Configuration Manager)"],"ImpactedObject":[]},{"IssueId":"LocationTagCheck","IssueCategory":2,"IssueDescriptionList":["Microsoft Azure Appliance Configuration Manager"],"ImpactedObject":[]}]}},{"WebAppId":"15f43260fd4e00f59807e86e7384b31455d65466868140508c521f3a5b3eedb2-a7b69c342d1f4d236917767b170deb3c38129ecba355e513f2997ce40016674a","WebAppName":"Default Web Site","TargetSuitability":{"MigrationTargetPlatform":"AzureAppService","MigrationReadiness":"Ready","SuitabilityDetails":[]}},{"WebAppId":"d5e22b9e449104d4325fc6eebcd437693de2099a7c665c372a2e69ac7c9dfc6c-a7b69c342d1f4d236917767b170deb3c38129ecba355e513f2997ce40016674a","WebAppName":"Default Web Site","TargetSuitability":{"MigrationTargetPlatform":"AzureAppServiceContainer","MigrationReadiness":"Ready","SuitabilityDetails":[]}},{"WebAppId":"d5e22b9e449104d4325fc6eebcd437693de2099a7c665c372a2e69ac7c9dfc6c-a7b69c342d1f4d236917767b170deb3c38129ecba355e513f2997ce40016674a","WebAppName":"Default Web Site","TargetSuitability":{"MigrationTargetPlatform":"AzureAppService","MigrationReadiness":"Ready","SuitabilityDetails":[]}}],"ReportTimestamp":"2025-10-17T13:49:15.7360067Z"}